,State Case,Weather,Light_Type,Clear,"Fog, Smog, Smoke",Weather Not Reported,Rain,Snow,Dark,Dawn/Dusk,Daylight
0,10002,Clear,Daylight,1.0,0.0,0.0,0.0,0.0,0.0,0.0,1.0
1,10003,Clear,Dark,1.0,0.0,0.0,0.0,0.0,1.0,0.0,0.0
2,10004,Rain,Daylight,0.0,0.0,0.0,1.0,0.0,0.0,0.0,1.0
3,10005,Clear,Daylight,1.0,0.0,0.0,0.0,0.0,0.0,0.0,1.0
4,10006,Clear,Dark,1.0,0.0,0.0,0.0,0.0,1.0,0.0,0.0
5,10007,Clear,Dark,1.0,0.0,0.0,0.0,0.0,1.0,0.0,0.0
6,10008,Clear,Dawn/Dusk,1.0,0.0,0.0,0.0,0.0,0.0,1.0,0.0
7,10009,Clear,Daylight,1.0,0.0,0.0,0.0,0.0,0.0,0.0,1.0
8,10010,Clear,Dark,1.0,0.0,0.0,0.0,0.0,1.0,0.0,0.0
9,10011,Clear,Daylight,1.0,0.0,0.0,0.0,0.0,0.0,0.0,1.0
10,10012,Clear,Daylight,1.0,0.0,0.0,0.0,0.0,0.0,0.0,1.0
11,10013,Clear,Daylight,1.0,0.0,0.0,0.0,0.0,0.0,0.0,1.0
12,10014,Clear,Daylight,1.0,0.0,0.0,0.0,0.0,0.0,0.0,1.0
13,10015,Clear,Dark,1.0,0.0,0.0,0.0,0.0,1.0,0.0,0.0
14,10016,Clear,Daylight,1.0,0.0,0.0,0.0,0.0,0.0,0.0,1.0
15,10017,Clear,Dark,1.0,0.0,0.0,0.0,0.0,1.0,0.0,0.0
16,10018,Rain,Daylight,0.0,0.0,0.0,1.0,0.0,0.0,0.0,1.0
17,10019,Rain,Dark,0.0,0.0,0.0,1.0,0.0,1.0,0.0,0.0
18,10020,Rain,Dark,0.0,0.0,0.0,1.0,0.0,1.0,0.0,0.0
19,10021,Clear,Dark,1.0,0.0,0.0,0.0,0.0,1.0,0.0,0.0
20,10022,Rain,Daylight,0.0,0.0,0.0,1.0,0.0,0.0,0.0,1.0
21,10023,Clear,Daylight,1.0,0.0,0.0,0.0,0.0,0.0,0.0,1.0
22,10024,Clear,Dark,1.0,0.0,0.0,0.0,0.0,1.0,0.0,0.0
23,10025,Clear,Dark,1.0,0.0,0.0,0.0,0.0,1.0,0.0,0.0
24,10026,Clear,Daylight,1.0,0.0,0.0,0.0,0.0,0.0,0.0,1.0
25,10027,Clear,Dark,1.0,0.0,0.0,0.0,0.0,1.0,0.0,0.0
26,10028,"Fog, Smog, Smoke",Daylight,0.0,1.0,0.0,0.0,0.0,0.0,0.0,1.0
27,10029,Rain,Dark,0.0,0.0,0.0,1.0,0.0,1.0,0.0,0.0
28,10030,Rain,Daylight,0.0,0.0,0.0,1.0,0.0,0.0,0.0,1.0
29,10031,Clear,Daylight,1.0,0.0,0.0,0.0,0.0,0.0,0.0,1.0
30,10032,Clear,Dark,1.0,0.0,0.0,0.0,0.0,1.0,0.0,0.0
31,10033,Clear,Dark,1.0,0.0,0.0,0.0,0.0,1.0,0.0,0.0
32,10034,Clear,Dark,1.0,0.0,0.0,0.0,0.0,1.0,0.0,0.0
33,10035,Clear,Daylight,1.0,0.0,0.0,0.0,0.0,0.0,0.0,1.0
34,10036,Clear,Dark,1.0,0.0,0.0,0.0,0.0,1.0,0.0,0.0
35,10037,Clear,Daylight,1.0,0.0,0.0,0.0,0.0,0.0,0.0,1.0
36,10038,Clear,Dark,1.0,0.0,0.0,0.0,0.0,1.0,0.0,0.0
37,10039,Clear,Daylight,1.0,0.0,0.0,0.0,0.0,0.0,0.0,1.0
38,10040,Clear,Daylight,1.0,0.0,0.0,0.0,0.0,0.0,0.0,1.0
39,10041,Clear,Dark,1.0,0.0,0.0,0.0,0.0,1.0,0.0,0.0
40,10042,Rain,Dawn/Dusk,0.0,0.0,0.0,1.0,0.0,0.0,1.0,0.0
41,10043,Snow,Daylight,0.0,0.0,0.0,0.0,1.0,0.0,0.0,1.0
42,10044,Clear,Daylight,1.0,0.0,0.0,0.0,0.0,0.0,0.0,1.0
43,10045,Clear,Daylight,1.0,0.0,0.0,0.0,0.0,0.0,0.0,1.0
44,10046,Clear,Daylight,1.0,0.0,0.0,0.0,0.0,0.0,0.0,1.0
45,10047,Clear,Dark,1.0,0.0,0.0,0.0,0.0,1.0,0.0,0.0
46,10048,Clear,Daylight,1.0,0.0,0.0,0.0,0.0,0.0,0.0,1.0
47,10049,Clear,Dark,1.0,0.0,0.0,0.0,0.0,1.0,0.0,0.0
48,10050,Clear,Dark,1.0,0.0,0.0,0.0,0.0,1.0,0.0,0.0
49,10051,Clear,Daylight,1.0,0.0,0.0,0.0,0.0,0.0,0.0,1.0
50,10052,Rain,Dark,0.0,0.0,0.0,1.0,0.0,1.0,0.0,0.0
51,10053,Clear,Daylight,1.0,0.0,0.0,0.0,0.0,0.0,0.0,1.0
52,10054,Clear,Daylight,1.0,0.0,0.0,0.0,0.0,0.0,0.0,1.0
53,10055,Clear,Daylight,1.0,0.0,0.0,0.0,0.0,0.0,0.0,1.0
54,10056,Clear,Daylight,1.0,0.0,0.0,0.0,0.0,0.0,0.0,1.0
55,10057,Clear,Dark,1.0,0.0,0.0,0.0,0.0,1.0,0.0,0.0
56,10058,Clear,Daylight,1.0,0.0,0.0,0.0,0.0,0.0,0.0,1.0
57,10059,Snow,Daylight,0.0,0.0,0.0,0.0,1.0,0.0,0.0,1.0
58,10060,Clear,Daylight,1.0,0.0,0.0,0.0,0.0,0.0,0.0,1.0
59,10061,Clear,Dark,1.0,0.0,0.0,0.0,0.0,1.0,0.0,0.0
60,10062,Clear,Daylight,1.0,0.0,0.0,0.0,0.0,0.0,0.0,1.0
61,10063,Clear,Dark,1.0,0.0,0.0,0.0,0.0,1.0,0.0,0.0
62,10064,Clear,Daylight,1.0,0.0,0.0,0.0,0.0,0.0,0.0,1.0
63,10065,"Fog, Smog, Smoke",Dark,0.0,1.0,0.0,0.0,0.0,1.0,0.0,0.0
64,10066,Clear,Daylight,1.0,0.0,0.0,0.0,0.0,0.0,0.0,1.0
65,10067,Rain,Dark,0.0,0.0,0.0,1.0,0.0,1.0,0.0,0.0
66,10068,Clear,Daylight,1.0,0.0,0.0,0.0,0.0,0.0,0.0,1.0
67,10069,Clear,Daylight,1.0,0.0,0.0,0.0,0.0,0.0,0.0,1.0
68,10070,Clear,Daylight,1.0,0.0,0.0,0.0,0.0,0.0,0.0,1.0
69,10071,Clear,Daylight,1.0,0.0,0.0,0.0,0.0,0.0,0.0,1.0
70,10072,Clear,Dark,1.0,0.0,0.0,0.0,0.0,1.0,0.0,0.0
71,10073,Clear,Daylight,1.0,0.0,0.0,0.0,0.0,0.0,0.0,1.0
72,10074,Clear,Dark,1.0,0.0,0.0,0.0,0.0,1.0,0.0,0.0
73,10075,Not Reported,Dark,0.0,0.0,1.0,0.0,0.0,1.0,0.0,0.0
74,10076,Clear,Daylight,1.0,0.0,0.0,0.0,0.0,0.0,0.0,1.0
75,10077,Clear,Dark,1.0,0.0,0.0,0.0,0.0,1.0,0.0,0.0
76,10078,Clear,Daylight,1.0,0.0,0.0,0.0,0.0,0.0,0.0,1.0
77,10079,Clear,Dark,1.0,0.0,0.0,0.0,0.0,1.0,0.0,0.0
78,10080,Clear,Daylight,1.0,0.0,0.0,0.0,0.0,0.0,0.0,1.0
79,10081,Clear,Dark,1.0,0.0,0.0,0.0,0.0,1.0,0.0,0.0
80,10082,Clear,Dawn/Dusk,1.0,0.0,0.0,0.0,0.0,0.0,1.0,0.0
81,10083,Clear,Dark,1.0,0.0,0.0,0.0,0.0,1.0,0.0,0.0
82,10084,Clear,Dark,1.0,0.0,0.0,0.0,0.0,1.0,0.0,0.0
83,10085,Clear,Daylight,1.0,0.0,0.0,0.0,0.0,0.0,0.0,1.0
84,10086,Rain,Dark,0.0,0.0,0.0,1.0,0.0,1.0,0.0,0.0
85,10087,Clear,Daylight,1.0,0.0,0.0,0.0,0.0,0.0,0.0,1.0
86,10088,Clear,Dark,1.0,0.0,0.0,0.0,0.0,1.0,0.0,0.0
87,10089,Rain,Dark,0.0,0.0,0.0,1.0,0.0,1.0,0.0,0.0
88,10090,Clear,Daylight,1.0,0.0,0.0,0.0,0.0,0.0,0.0,1.0
89,10091,Clear,Daylight,1.0,0.0,0.0,0.0,0.0,0.0,0.0,1.0
90,10092,Rain,Dark,0.0,0.0,0.0,1.0,0.0,1.0,0.0,0.0
91,10093,Clear,Daylight,1.0,0.0,0.0,0.0,0.0,0.0,0.0,1.0
92,10094,Rain,Dark,0.0,0.0,0.0,1.0,0.0,1.0,0.0,0.0
93,10095,Clear,Dark,1.0,0.0,0.0,0.0,0.0,1.0,0.0,0.0
94,10096,Clear,Dark,1.0,0.0,0.0,0.0,0.0,1.0,0.0,0.0
95,10097,Clear,Dark,1.0,0.0,0.0,0.0,0.0,1.0,0.0,0.0
96,10098,Clear,Dark,1.0,0.0,0.0,0.0,0.0,1.0,0.0,0.0
97,10099,Clear,Dark,1.0,0.0,0.0,0.0,0.0,1.0,0.0,0.0
98,10100,Clear,Dark,1.0,0.0,0.0,0.0,0.0,1.0,0.0,0.0
99,10101,Clear,Daylight,1.0,0.0,0.0,0.0,0.0,0.0,0.0,1.0
100,10102,Clear,Dawn/Dusk,1.0,0.0,0.0,0.0,0.0,0.0,1.0,0.0
101,10103,Clear,Dark,1.0,0.0,0.0,0.0,0.0,1.0,0.0,0.0
102,10104,Clear,Daylight,1.0,0.0,0.0,0.0,0.0,0.0,0.0,1.0
103,10105,Clear,Daylight,1.0,0.0,0.0,0.0,0.0,0.0,0.0,1.0
104,10106,Clear,Dark,1.0,0.0,0.0,0.0,0.0,1.0,0.0,0.0
105,10107,Rain,Dark,0.0,0.0,0.0,1.0,0.0,1.0,0.0,0.0
106,10108,Rain,Dark,0.0,0.0,0.0,1.0,0.0,1.0,0.0,0.0
107,10109,Clear,Daylight,1.0,0.0,0.0,0.0,0.0,0.0,0.0,1.0
108,10110,Clear,Dark,1.0,0.0,0.0,0.0,0.0,1.0,0.0,0.0
109,10111,Clear,Daylight,1.0,0.0,0.0,0.0,0.0,0.0,0.0,1.0
110,10112,Clear,Daylight,1.0,0.0,0.0,0.0,0.0,0.0,0.0,1.0
111,10113,Clear,Daylight,1.0,0.0,0.0,0.0,0.0,0.0,0.0,1.0
112,10114,Clear,Dark,1.0,0.0,0.0,0.0,0.0,1.0,0.0,0.0
113,10115,Clear,Daylight,1.0,0.0,0.0,0.0,0.0,0.0,0.0,1.0
114,10116,Clear,Daylight,1.0,0.0,0.0,0.0,0.0,0.0,0.0,1.0
115,10117,Clear,Daylight,1.0,0.0,0.0,0.0,0.0,0.0,0.0,1.0
116,10118,Clear,Dark,1.0,0.0,0.0,0.0,0.0,1.0,0.0,0.0
117,10119,Clear,Daylight,1.0,0.0,0.0,0.0,0.0,0.0,0.0,1.0
118,10120,Clear,Dark,1.0,0.0,0.0,0.0,0.0,1.0,0.0,0.0
119,10121,Clear,Dark,1.0,0.0,0.0,0.0,0.0,1.0,0.0,0.0
120,10122,Clear,Daylight,1.0,0.0,0.0,0.0,0.0,0.0,0.0,1.0
121,10123,Clear,Daylight,1.0,0.0,0.0,0.0,0.0,0.0,0.0,1.0
122,10124,Clear,Dark,1.0,0.0,0.0,0.0,0.0,1.0,0.0,0.0
123,10125,Clear,Dark,1.0,0.0,0.0,0.0,0.0,1.0,0.0,0.0
124,10126,Clear,Daylight,1.0,0.0,0.0,0.0,0.0,0.0,0.0,1.0
125,10127,Clear,Dark,1.0,0.0,0.0,0.0,0.0,1.0,0.0,0.0
126,10128,Clear,Daylight,1.0,0.0,0.0,0.0,0.0,0.0,0.0,1.0
127,10129,Clear,Dark,1.0,0.0,0.0,0.0,0.0,1.0,0.0,0.0
128,10130,Clear,Dark,1.0,0.0,0.0,0.0,0.0,1.0,0.0,0.0
129,10131,Clear,Dark,1.0,0.0,0.0,0.0,0.0,1.0,0.0,0.0
130,10132,Rain,Dark,0.0,0.0,0.0,1.0,0.0,1.0,0.0,0.0
131,10133,Clear,Dark,1.0,0.0,0.0,0.0,0.0,1.0,0.0,0.0
132,10134,Clear,Daylight,1.0,0.0,0.0,0.0,0.0,0.0,0.0,1.0
133,10135,Clear,Dark,1.0,0.0,0.0,0.0,0.0,1.0,0.0,0.0
134,10136,Clear,Daylight,1.0,0.0,0.0,0.0,0.0,0.0,0.0,1.0
135,10137,Clear,Daylight,1.0,0.0,0.0,0.0,0.0,0.0,0.0,1.0
136,10138,Clear,Daylight,1.0,0.0,0.0,0.0,0.0,0.0,0.0,1.0
137,10139,Clear,Daylight,1.0,0.0,0.0,0.0,0.0,0.0,0.0,1.0
138,10140,Rain,Dark,0.0,0.0,0.0,1.0,0.0,1.0,0.0,0.0
139,10141,Clear,Daylight,1.0,0.0,0.0,0.0,0.0,0.0,0.0,1.0
140,10142,Clear,Daylight,1.0,0.0,0.0,0.0,0.0,0.0,0.0,1.0
141,10143,Rain,Daylight,0.0,0.0,0.0,1.0,0.0,0.0,0.0,1.0
142,10144,Rain,Dark,0.0,0.0,0.0,1.0,0.0,1.0,0.0,0.0
143,10145,Clear,Dark,1.0,0.0,0.0,0.0,0.0,1.0,0.0,0.0
144,10146,Clear,Daylight,1.0,0.0,0.0,0.0,0.0,0.0,0.0,1.0
145,10147,Clear,Daylight,1.0,0.0,0.0,0.0,0.0,0.0,0.0,1.0
146,10148,Clear,Dark,1.0,0.0,0.0,0.0,0.0,1.0,0.0,0.0
147,10149,Clear,Dark,1.0,0.0,0.0,0.0,0.0,1.0,0.0,0.0
148,10150,Clear,Daylight,1.0,0.0,0.0,0.0,0.0,0.0,0.0,1.0
149,10151,Clear,Dark,1.0,0.0,0.0,0.0,0.0,1.0,0.0,0.0
150,10152,Clear,Dark,1.0,0.0,0.0,0.0,0.0,1.0,0.0,0.0
151,10153,Clear,Daylight,1.0,0.0,0.0,0.0,0.0,0.0,0.0,1.0
152,10154,Clear,Dark,1.0,0.0,0.0,0.0,0.0,1.0,0.0,0.0
153,10155,Clear,Dark,1.0,0.0,0.0,0.0,0.0,1.0,0.0,0.0
154,10156,Clear,Dark,1.0,0.0,0.0,0.0,0.0,1.0,0.0,0.0
155,10157,Clear,Daylight,1.0,0.0,0.0,0.0,0.0,0.0,0.0,1.0
156,10158,Clear,Daylight,1.0,0.0,0.0,0.0,0.0,0.0,0.0,1.0
157,10159,Clear,Dark,1.0,0.0,0.0,0.0,0.0,1.0,0.0,0.0
158,10160,Clear,Daylight,1.0,0.0,0.0,0.0,0.0,0.0,0.0,1.0
159,10161,Clear,Daylight,1.0,0.0,0.0,0.0,0.0,0.0,0.0,1.0
160,10162,Clear,Daylight,1.0,0.0,0.0,0.0,0.0,0.0,0.0,1.0
161,10163,Clear,Dark,1.0,0.0,0.0,0.0,0.0,1.0,0.0,0.0
162,10164,Clear,Dark,1.0,0.0,0.0,0.0,0.0,1.0,0.0,0.0
163,10165,Clear,Dark,1.0,0.0,0.0,0.0,0.0,1.0,0.0,0.0
164,10166,Clear,Dark,1.0,0.0,0.0,0.0,0.0,1.0,0.0,0.0
165,10167,Clear,Dark,1.0,0.0,0.0,0.0,0.0,1.0,0.0,0.0
166,10168,Clear,Dark,1.0,0.0,0.0,0.0,0.0,1.0,0.0,0.0
167,10169,Clear,Dawn/Dusk,1.0,0.0,0.0,0.0,0.0,0.0,1.0,0.0
168,10170,Clear,Dark,1.0,0.0,0.0,0.0,0.0,1.0,0.0,0.0
169,10171,Clear,Dark,1.0,0.0,0.0,0.0,0.0,1.0,0.0,0.0
170,10172,Clear,Daylight,1.0,0.0,0.0,0.0,0.0,0.0,0.0,1.0
171,10173,Clear,Dark,1.0,0.0,0.0,0.0,0.0,1.0,0.0,0.0
172,10174,Clear,Daylight,1.0,0.0,0.0,0.0,0.0,0.0,0.0,1.0
173,10175,Clear,Dark,1.0,0.0,0.0,0.0,0.0,1.0,0.0,0.0
174,10176,Not Reported,Dark,0.0,0.0,1.0,0.0,0.0,1.0,0.0,0.0
175,10177,Clear,Dark,1.0,0.0,0.0,0.0,0.0,1.0,0.0,0.0
176,10178,Clear,Dawn/Dusk,1.0,0.0,0.0,0.0,0.0,0.0,1.0,0.0
177,10179,Rain,Daylight,0.0,0.0,0.0,1.0,0.0,0.0,0.0,1.0
178,10180,Clear,Daylight,1.0,0.0,0.0,0.0,0.0,0.0,0.0,1.0
179,10181,Clear,Daylight,1.0,0.0,0.0,0.0,0.0,0.0,0.0,1.0
180,10182,Clear,Dark,1.0,0.0,0.0,0.0,0.0,1.0,0.0,0.0
181,10183,Clear,Daylight,1.0,0.0,0.0,0.0,0.0,0.0,0.0,1.0
182,10184,Clear,Daylight,1.0,0.0,0.0,0.0,0.0,0.0,0.0,1.0
183,10185,Clear,Daylight,1.0,0.0,0.0,0.0,0.0,0.0,0.0,1.0
184,10186,Clear,Daylight,1.0,0.0,0.0,0.0,0.0,0.0,0.0,1.0
185,10187,Rain,Dark,0.0,0.0,0.0,1.0,0.0,1.0,0.0,0.0
186,10188,Clear,Dark,1.0,0.0,0.0,0.0,0.0,1.0,0.0,0.0
187,10189,Clear,Dark,1.0,0.0,0.0,0.0,0.0,1.0,0.0,0.0
188,10190,Clear,Dark,1.0,0.0,0.0,0.0,0.0,1.0,0.0,0.0
189,10191,Clear,Daylight,1.0,0.0,0.0,0.0,0.0,0.0,0.0,1.0
190,10192,Clear,Dark,1.0,0.0,0.0,0.0,0.0,1.0,0.0,0.0
191,10193,Clear,Daylight,1.0,0.0,0.0,0.0,0.0,0.0,0.0,1.0
192,10194,Clear,Dark,1.0,0.0,0.0,0.0,0.0,1.0,0.0,0.0
193,10195,Clear,Dark,1.0,0.0,0.0,0.0,0.0,1.0,0.0,0.0
194,10196,Clear,Dark,1.0,0.0,0.0,0.0,0.0,1.0,0.0,0.0
195,10197,Clear,Daylight,1.0,0.0,0.0,0.0,0.0,0.0,0.0,1.0
196,10198,Clear,Dark,1.0,0.0,0.0,0.0,0.0,1.0,0.0,0.0
197,10199,Clear,Dark,1.0,0.0,0.0,0.0,0.0,1.0,0.0,0.0
198,10200,Clear,Dark,1.0,0.0,0.0,0.0,0.0,1.0,0.0,0.0
199,10201,Clear,Daylight,1.0,0.0,0.0,0.0,0.0,0.0,0.0,1.0
200,10202,Clear,Dark,1.0,0.0,0.0,0.0,0.0,1.0,0.0,0.0
201,10203,Clear,Dark,1.0,0.0,0.0,0.0,0.0,1.0,0.0,0.0
202,10204,Rain,Dark,0.0,0.0,0.0,1.0,0.0,1.0,0.0,0.0
203,10205,Clear,Daylight,1.0,0.0,0.0,0.0,0.0,0.0,0.0,1.0
204,10206,Clear,Dark,1.0,0.0,0.0,0.0,0.0,1.0,0.0,0.0
205,10207,Clear,Dark,1.0,0.0,0.0,0.0,0.0,1.0,0.0,0.0
206,10208,Rain,Daylight,0.0,0.0,0.0,1.0,0.0,0.0,0.0,1.0
207,10209,Clear,Daylight,1.0,0.0,0.0,0.0,0.0,0.0,0.0,1.0
208,10210,Clear,Daylight,1.0,0.0,0.0,0.0,0.0,0.0,0.0,1.0
209,10211,Clear,Daylight,1.0,0.0,0.0,0.0,0.0,0.0,0.0,1.0
210,10212,Clear,Daylight,1.0,0.0,0.0,0.0,0.0,0.0,0.0,1.0
211,10213,Clear,Daylight,1.0,0.0,0.0,0.0,0.0,0.0,0.0,1.0
212,10214,Clear,Daylight,1.0,0.0,0.0,0.0,0.0,0.0,0.0,1.0
213,10215,Clear,Daylight,1.0,0.0,0.0,0.0,0.0,0.0,0.0,1.0
214,10216,Clear,Daylight,1.0,0.0,0.0,0.0,0.0,0.0,0.0,1.0
215,10217,Clear,Daylight,1.0,0.0,0.0,0.0,0.0,0.0,0.0,1.0
216,10218,Clear,Daylight,1.0,0.0,0.0,0.0,0.0,0.0,0.0,1.0
217,10219,Clear,Daylight,1.0,0.0,0.0,0.0,0.0,0.0,0.0,1.0
218,10220,Clear,Dark,1.0,0.0,0.0,0.0,0.0,1.0,0.0,0.0
219,10221,Rain,Daylight,0.0,0.0,0.0,1.0,0.0,0.0,0.0,1.0
220,10222,Clear,Dark,1.0,0.0,0.0,0.0,0.0,1.0,0.0,0.0
221,10223,Clear,Dark,1.0,0.0,0.0,0.0,0.0,1.0,0.0,0.0
222,10224,Clear,Daylight,1.0,0.0,0.0,0.0,0.0,0.0,0.0,1.0
223,10225,Clear,Dark,1.0,0.0,0.0,0.0,0.0,1.0,0.0,0.0
224,10226,Clear,Dark,1.0,0.0,0.0,0.0,0.0,1.0,0.0,0.0
225,10227,Clear,Daylight,1.0,0.0,0.0,0.0,0.0,0.0,0.0,1.0
226,10228,Clear,Dark,1.0,0.0,0.0,0.0,0.0,1.0,0.0,0.0
227,10229,Clear,Daylight,1.0,0.0,0.0,0.0,0.0,0.0,0.0,1.0
228,10230,Clear,Daylight,1.0,0.0,0.0,0.0,0.0,0.0,0.0,1.0
229,10231,Rain,Daylight,0.0,0.0,0.0,1.0,0.0,0.0,0.0,1.0
230,10232,Rain,Daylight,0.0,0.0,0.0,1.0,0.0,0.0,0.0,1.0
231,10233,Clear,Daylight,1.0,0.0,0.0,0.0,0.0,0.0,0.0,1.0
232,10234,Clear,Dark,1.0,0.0,0.0,0.0,0.0,1.0,0.0,0.0
233,10235,Clear,Daylight,1.0,0.0,0.0,0.0,0.0,0.0,0.0,1.0
234,10236,"Fog, Smog, Smoke",Dark,0.0,1.0,0.0,0.0,0.0,1.0,0.0,0.0
235,10237,Clear,Dark,1.0,0.0,0.0,0.0,0.0,1.0,0.0,0.0
236,10238,Clear,Daylight,1.0,0.0,0.0,0.0,0.0,0.0,0.0,1.0
237,10239,Clear,Daylight,1.0,0.0,0.0,0.0,0.0,0.0,0.0,1.0
238,10240,Clear,Dark,1.0,0.0,0.0,0.0,0.0,1.0,0.0,0.0
239,10241,Clear,Dark,1.0,0.0,0.0,0.0,0.0,1.0,0.0,0.0
240,10242,Clear,Dark,1.0,0.0,0.0,0.0,0.0,1.0,0.0,0.0
241,10243,Clear,Dark,1.0,0.0,0.0,0.0,0.0,1.0,0.0,0.0
242,10244,Clear,Dark,1.0,0.0,0.0,0.0,0.0,1.0,0.0,0.0
243,10245,Clear,Dark,1.0,0.0,0.0,0.0,0.0,1.0,0.0,0.0
244,10246,Clear,Daylight,1.0,0.0,0.0,0.0,0.0,0.0,0.0,1.0
245,10247,Clear,Dark,1.0,0.0,0.0,0.0,0.0,1.0,0.0,0.0
246,10248,Clear,Daylight,1.0,0.0,0.0,0.0,0.0,0.0,0.0,1.0
247,10249,Clear,Daylight,1.0,0.0,0.0,0.0,0.0,0.0,0.0,1.0
248,10250,Clear,Dark,1.0,0.0,0.0,0.0,0.0,1.0,0.0,0.0
249,10251,Clear,Daylight,1.0,0.0,0.0,0.0,0.0,0.0,0.0,1.0
250,10252,Clear,Daylight,1.0,0.0,0.0,0.0,0.0,0.0,0.0,1.0
251,10253,Clear,Daylight,1.0,0.0,0.0,0.0,0.0,0.0,0.0,1.0
252,10254,Clear,Daylight,1.0,0.0,0.0,0.0,0.0,0.0,0.0,1.0
253,10255,Clear,Daylight,1.0,0.0,0.0,0.0,0.0,0.0,0.0,1.0
254,10256,Rain,Dark,0.0,0.0,0.0,1.0,0.0,1.0,0.0,0.0
255,10257,Clear,Dark,1.0,0.0,0.0,0.0,0.0,1.0,0.0,0.0
256,10258,Clear,Daylight,1.0,0.0,0.0,0.0,0.0,0.0,0.0,1.0
257,10259,Clear,Daylight,1.0,0.0,0.0,0.0,0.0,0.0,0.0,1.0
258,10260,Clear,Daylight,1.0,0.0,0.0,0.0,0.0,0.0,0.0,1.0
259,10261,Clear,Daylight,1.0,0.0,0.0,0.0,0.0,0.0,0.0,1.0
260,10262,Clear,Daylight,1.0,0.0,0.0,0.0,0.0,0.0,0.0,1.0
261,10263,Clear,Daylight,1.0,0.0,0.0,0.0,0.0,0.0,0.0,1.0
262,10264,Clear,Daylight,1.0,0.0,0.0,0.0,0.0,0.0,0.0,1.0
263,10265,Clear,Dawn/Dusk,1.0,0.0,0.0,0.0,0.0,0.0,1.0,0.0
264,10266,Clear,Dark,1.0,0.0,0.0,0.0,0.0,1.0,0.0,0.0
265,10267,Clear,Daylight,1.0,0.0,0.0,0.0,0.0,0.0,0.0,1.0
266,10268,Clear,Daylight,1.0,0.0,0.0,0.0,0.0,0.0,0.0,1.0
267,10269,Clear,Dark,1.0,0.0,0.0,0.0,0.0,1.0,0.0,0.0
268,10270,Clear,Daylight,1.0,0.0,0.0,0.0,0.0,0.0,0.0,1.0
269,10271,Clear,Daylight,1.0,0.0,0.0,0.0,0.0,0.0,0.0,1.0
270,10272,Clear,Dark,1.0,0.0,0.0,0.0,0.0,1.0,0.0,0.0
271,10273,Clear,Daylight,1.0,0.0,0.0,0.0,0.0,0.0,0.0,1.0
272,10274,Clear,Daylight,1.0,0.0,0.0,0.0,0.0,0.0,0.0,1.0
273,10275,Clear,Daylight,1.0,0.0,0.0,0.0,0.0,0.0,0.0,1.0
274,10276,Clear,Daylight,1.0,0.0,0.0,0.0,0.0,0.0,0.0,1.0
275,10277,Clear,Dark,1.0,0.0,0.0,0.0,0.0,1.0,0.0,0.0
276,10278,Clear,Dark,1.0,0.0,0.0,0.0,0.0,1.0,0.0,0.0
277,10279,Clear,Dark,1.0,0.0,0.0,0.0,0.0,1.0,0.0,0.0
278,10280,Clear,Daylight,1.0,0.0,0.0,0.0,0.0,0.0,0.0,1.0
279,10281,Clear,Dark,1.0,0.0,0.0,0.0,0.0,1.0,0.0,0.0
280,10282,Clear,Dark,1.0,0.0,0.0,0.0,0.0,1.0,0.0,0.0
281,10283,Clear,Dark,1.0,0.0,0.0,0.0,0.0,1.0,0.0,0.0
282,10284,Clear,Dark,1.0,0.0,0.0,0.0,0.0,1.0,0.0,0.0
283,10285,Clear,Daylight,1.0,0.0,0.0,0.0,0.0,0.0,0.0,1.0
284,10286,Clear,Dark,1.0,0.0,0.0,0.0,0.0,1.0,0.0,0.0
285,10287,Clear,Dark,1.0,0.0,0.0,0.0,0.0,1.0,0.0,0.0
286,10288,Clear,Daylight,1.0,0.0,0.0,0.0,0.0,0.0,0.0,1.0
287,10289,Clear,Daylight,1.0,0.0,0.0,0.0,0.0,0.0,0.0,1.0
288,10290,Clear,Dark,1.0,0.0,0.0,0.0,0.0,1.0,0.0,0.0
289,10291,Clear,Dark,1.0,0.0,0.0,0.0,0.0,1.0,0.0,0.0
290,10292,Clear,Daylight,1.0,0.0,0.0,0.0,0.0,0.0,0.0,1.0
291,10293,Clear,Daylight,1.0,0.0,0.0,0.0,0.0,0.0,0.0,1.0
292,10294,Clear,Daylight,1.0,0.0,0.0,0.0,0.0,0.0,0.0,1.0
293,10295,Clear,Daylight,1.0,0.0,0.0,0.0,0.0,0.0,0.0,1.0
294,10296,Clear,Daylight,1.0,0.0,0.0,0.0,0.0,0.0,0.0,1.0
295,10297,Clear,Daylight,1.0,0.0,0.0,0.0,0.0,0.0,0.0,1.0
296,10298,Clear,Daylight,1.0,0.0,0.0,0.0,0.0,0.0,0.0,1.0
297,10299,Clear,Dark,1.0,0.0,0.0,0.0,0.0,1.0,0.0,0.0
298,10300,Clear,Dark,1.0,0.0,0.0,0.0,0.0,1.0,0.0,0.0
299,10301,Clear,Daylight,1.0,0.0,0.0,0.0,0.0,0.0,0.0,1.0
300,10302,Clear,Daylight,1.0,0.0,0.0,0.0,0.0,0.0,0.0,1.0
301,10303,Rain,Dawn/Dusk,0.0,0.0,0.0,1.0,0.0,0.0,1.0,0.0
302,10304,Clear,Daylight,1.0,0.0,0.0,0.0,0.0,0.0,0.0,1.0
303,10305,Clear,Dark,1.0,0.0,0.0,0.0,0.0,1.0,0.0,0.0
304,10306,Clear,Daylight,1.0,0.0,0.0,0.0,0.0,0.0,0.0,1.0
305,10307,Clear,Daylight,1.0,0.0,0.0,0.0,0.0,0.0,0.0,1.0
306,10308,Clear,Daylight,1.0,0.0,0.0,0.0,0.0,0.0,0.0,1.0
307,10309,Clear,Daylight,1.0,0.0,0.0,0.0,0.0,0.0,0.0,1.0
308,10310,Clear,Dark,1.0,0.0,0.0,0.0,0.0,1.0,0.0,0.0
309,10311,Clear,Daylight,1.0,0.0,0.0,0.0,0.0,0.0,0.0,1.0
310,10312,Clear,Daylight,1.0,0.0,0.0,0.0,0.0,0.0,0.0,1.0
311,10313,Clear,Daylight,1.0,0.0,0.0,0.0,0.0,0.0,0.0,1.0
312,10314,Clear,Dark,1.0,0.0,0.0,0.0,0.0,1.0,0.0,0.0
313,10315,Clear,Daylight,1.0,0.0,0.0,0.0,0.0,0.0,0.0,1.0
314,10316,Clear,Dark,1.0,0.0,0.0,0.0,0.0,1.0,0.0,0.0
315,10317,Clear,Dark,1.0,0.0,0.0,0.0,0.0,1.0,0.0,0.0
316,10318,Clear,Dark,1.0,0.0,0.0,0.0,0.0,1.0,0.0,0.0
317,10319,Rain,Dark,0.0,0.0,0.0,1.0,0.0,1.0,0.0,0.0
318,10320,Clear,Dark,1.0,0.0,0.0,0.0,0.0,1.0,0.0,0.0
319,10321,Clear,Dark,1.0,0.0,0.0,0.0,0.0,1.0,0.0,0.0
320,10322,Clear,Daylight,1.0,0.0,0.0,0.0,0.0,0.0,0.0,1.0
321,10323,Clear,Dark,1.0,0.0,0.0,0.0,0.0,1.0,0.0,0.0
322,10324,Clear,Dark,1.0,0.0,0.0,0.0,0.0,1.0,0.0,0.0
323,10325,Clear,Daylight,1.0,0.0,0.0,0.0,0.0,0.0,0.0,1.0
324,10326,Rain,Dark,0.0,0.0,0.0,1.0,0.0,1.0,0.0,0.0
325,10327,Clear,Daylight,1.0,0.0,0.0,0.0,0.0,0.0,0.0,1.0
326,10328,Clear,Daylight,1.0,0.0,0.0,0.0,0.0,0.0,0.0,1.0
327,10329,Clear,Daylight,1.0,0.0,0.0,0.0,0.0,0.0,0.0,1.0
328,10330,Clear,Daylight,1.0,0.0,0.0,0.0,0.0,0.0,0.0,1.0
329,10331,Clear,Dark,1.0,0.0,0.0,0.0,0.0,1.0,0.0,0.0
330,10332,Clear,Daylight,1.0,0.0,0.0,0.0,0.0,0.0,0.0,1.0
331,10333,Clear,Daylight,1.0,0.0,0.0,0.0,0.0,0.0,0.0,1.0
332,10334,Clear,Dark,1.0,0.0,0.0,0.0,0.0,1.0,0.0,0.0
333,10335,Clear,Dark,1.0,0.0,0.0,0.0,0.0,1.0,0.0,0.0
334,10336,Clear,Dark,1.0,0.0,0.0,0.0,0.0,1.0,0.0,0.0
335,10337,Clear,Daylight,1.0,0.0,0.0,0.0,0.0,0.0,0.0,1.0
336,10338,Clear,Daylight,1.0,0.0,0.0,0.0,0.0,0.0,0.0,1.0
337,10339,Clear,Dawn/Dusk,1.0,0.0,0.0,0.0,0.0,0.0,1.0,0.0
338,10340,Clear,Dark,1.0,0.0,0.0,0.0,0.0,1.0,0.0,0.0
339,10341,Clear,Dark,1.0,0.0,0.0,0.0,0.0,1.0,0.0,0.0
341,10343,Clear,Dark,1.0,0.0,0.0,0.0,0.0,1.0,0.0,0.0
342,10344,Clear,Dark,1.0,0.0,0.0,0.0,0.0,0.0,1.0,0.0
343,10345,Clear,Dawn/Dusk,1.0,0.0,0.0,0.0,0.0,1.0,0.0,0.0
344,10346,Clear,Dark,1.0,0.0,0.0,0.0,0.0,1.0,0.0,0.0
345,10347,Clear,Dark,1.0,0.0,0.0,0.0,0.0,1.0,0.0,0.0
346,10348,Clear,Dark,1.0,0.0,0.0,0.0,0.0,1.0,0.0,0.0
347,10349,Clear,Dark,1.0,0.0,0.0,0.0,0.0,0.0,0.0,1.0
348,10350,Clear,Daylight,1.0,0.0,0.0,0.0,0.0,0.0,0.0,1.0
349,10351,Clear,Daylight,1.0,0.0,0.0,0.0,0.0,1.0,0.0,0.0
350,10352,Clear,Dark,1.0,0.0,0.0,0.0,0.0,1.0,0.0,0.0
351,10353,Clear,Dark,1.0,0.0,0.0,0.0,0.0,1.0,0.0,0.0
352,10354,Clear,Dark,1.0,0.0,0.0,0.0,0.0,0.0,0.0,1.0
353,10355,Clear,Daylight,1.0,0.0,0.0,0.0,0.0,0.0,0.0,1.0
354,10356,Clear,Daylight,1.0,0.0,0.0,0.0,0.0,0.0,0.0,1.0
355,10357,Clear,Daylight,1.0,0.0,0.0,0.0,0.0,0.0,0.0,1.0
356,10358,Clear,Daylight,1.0,0.0,0.0,0.0,0.0,1.0,0.0,0.0
357,10359,Clear,Dark,1.0,0.0,0.0,0.0,0.0,0.0,0.0,1.0
358,10360,Clear,Daylight,1.0,0.0,0.0,0.0,0.0,0.0,0.0,1.0
359,10361,Clear,Daylight,1.0,0.0,0.0,0.0,0.0,0.0,0.0,1.0
360,10362,Clear,Daylight,1.0,0.0,0.0,0.0,0.0,0.0,0.0,1.0
361,10363,Clear,Daylight,1.0,0.0,0.0,0.0,0.0,1.0,0.0,0.0
362,10364,Clear,Dark,1.0,0.0,0.0,0.0,0.0,0.0,0.0,1.0
363,10365,Clear,Daylight,1.0,0.0,0.0,0.0,0.0,0.0,0.0,1.0
364,10366,Clear,Daylight,1.0,0.0,0.0,0.0,0.0,0.0,0.0,1.0
365,10367,Clear,Daylight,1.0,0.0,0.0,0.0,0.0,1.0,0.0,0.0
366,10368,Clear,Dark,1.0,0.0,0.0,0.0,0.0,0.0,0.0,1.0
367,10369,Clear,Daylight,1.0,0.0,0.0,0.0,0.0,0.0,0.0,1.0
368,10370,Clear,Daylight,1.0,0.0,0.0,0.0,0.0,0.0,1.0,0.0
369,10371,Clear,Dawn/Dusk,1.0,0.0,0.0,0.0,0.0,1.0,0.0,0.0
370,10372,Clear,Dark,1.0,0.0,0.0,0.0,0.0,1.0,0.0,0.0
371,10373,Clear,Dark,1.0,0.0,0.0,0.0,0.0,1.0,0.0,0.0
372,10374,Clear,Dark,1.0,0.0,0.0,0.0,0.0,0.0,0.0,1.0
373,10375,Clear,Daylight,1.0,0.0,0.0,0.0,0.0,0.0,0.0,1.0
374,10376,Clear,Daylight,1.0,0.0,0.0,0.0,0.0,0.0,0.0,1.0
375,10377,Clear,Daylight,1.0,0.0,0.0,0.0,0.0,1.0,0.0,0.0
376,10378,Clear,Dark,1.0,0.0,0.0,0.0,0.0,1.0,0.0,0.0
377,10379,Clear,Dark,1.0,0.0,0.0,0.0,0.0,1.0,0.0,0.0
378,10380,Clear,Dark,1.0,0.0,0.0,0.0,0.0,0.0,0.0,1.0
379,10381,Clear,Daylight,1.0,0.0,0.0,0.0,0.0,0.0,0.0,1.0
380,10382,Clear,Daylight,1.0,0.0,0.0,0.0,0.0,0.0,0.0,1.0
381,10383,Clear,Daylight,1.0,0.0,0.0,0.0,0.0,1.0,0.0,0.0
382,10384,Clear,Dark,1.0,0.0,0.0,0.0,0.0,0.0,0.0,1.0
383,10385,Clear,Daylight,1.0,0.0,0.0,0.0,0.0,1.0,0.0,0.0
384,10386,Clear,Dark,1.0,0.0,0.0,0.0,0.0,1.0,0.0,0.0
385,10387,Clear,Dark,1.0,0.0,0.0,0.0,0.0,0.0,0.0,1.0
386,10388,Clear,Daylight,1.0,0.0,0.0,0.0,0.0,0.0,1.0,0.0
387,10389,Clear,Dawn/Dusk,1.0,0.0,0.0,0.0,0.0,1.0,0.0,0.0
388,10390,Clear,Dark,1.0,0.0,0.0,0.0,0.0,1.0,0.0,0.0
389,10391,Clear,Dark,1.0,0.0,0.0,0.0,0.0,0.0,0.0,1.0
390,10392,Clear,Daylight,1.0,0.0,0.0,0.0,0.0,1.0,0.0,0.0
391,10393,Clear,Dark,1.0,0.0,0.0,0.0,0.0,0.0,0.0,1.0
392,10394,Clear,Daylight,1.0,0.0,0.0,0.0,0.0,1.0,0.0,0.0
393,10395,Clear,Dark,1.0,0.0,0.0,0.0,0.0,0.0,0.0,1.0
394,10396,Clear,Daylight,1.0,0.0,0.0,0.0,0.0,1.0,0.0,0.0
395,10397,Clear,Dark,1.0,0.0,0.0,0.0,0.0,1.0,0.0,0.0
396,10398,Clear,Dark,1.0,0.0,0.0,0.0,0.0,1.0,0.0,0.0
397,10399,Clear,Dark,1.0,0.0,0.0,0.0,0.0,0.0,0.0,1.0
398,10400,Clear,Daylight,1.0,0.0,0.0,0.0,0.0,0.0,0.0,1.0
399,10401,Clear,Daylight,1.0,0.0,0.0,0.0,0.0,0.0,0.0,1.0
400,10402,Clear,Daylight,1.0,0.0,0.0,0.0,0.0,0.0,0.0,1.0
401,10403,Clear,Daylight,1.0,0.0,0.0,0.0,0.0,0.0,0.0,1.0
402,10404,Clear,Daylight,1.0,0.0,0.0,0.0,0.0,0.0,0.0,1.0
403,10405,Clear,Daylight,1.0,0.0,0.0,0.0,0.0,1.0,0.0,0.0
404,10406,Clear,Dark,1.0,0.0,0.0,0.0,0.0,1.0,0.0,0.0
405,10407,Clear,Dark,1.0,0.0,0.0,0.0,0.0,1.0,0.0,0.0
406,10408,Clear,Dark,1.0,0.0,0.0,0.0,0.0,0.0,0.0,1.0
407,10409,Clear,Daylight,1.0,0.0,0.0,0.0,0.0,0.0,0.0,1.0
408,10410,Clear,Daylight,1.0,0.0,0.0,0.0,0.0,1.0,0.0,0.0
409,10411,Clear,Dark,1.0,0.0,0.0,0.0,0.0,0.0,0.0,1.0
410,10412,Clear,Daylight,1.0,0.0,0.0,0.0,0.0,1.0,0.0,0.0
411,10413,Clear,Dark,1.0,0.0,0.0,0.0,0.0,0.0,0.0,1.0
412,10414,Clear,Daylight,1.0,0.0,0.0,0.0,0.0,1.0,0.0,0.0
413,10415,Clear,Dark,1.0,0.0,0.0,0.0,0.0,1.0,0.0,0.0
414,10416,Clear,Dark,1.0,0.0,0.0,0.0,0.0,0.0,0.0,1.0
415,10417,Clear,Daylight,1.0,0.0,0.0,0.0,0.0,1.0,0.0,0.0
416,10418,Clear,Dark,1.0,0.0,0.0,0.0,0.0,1.0,0.0,0.0
417,10419,Clear,Dark,1.0,0.0,0.0,0.0,0.0,0.0,0.0,1.0
418,10420,Clear,Daylight,1.0,0.0,0.0,0.0,0.0,0.0,0.0,1.0
419,10421,Clear,Daylight,1.0,0.0,0.0,0.0,0.0,0.0,0.0,1.0
420,10422,Clear,Daylight,0.0,0.0,0.0,1.0,0.0,1.0,0.0,0.0
422,10424,Rain,Dark,1.0,0.0,0.0,0.0,0.0,0.0,0.0,1.0
423,10425,Clear,Daylight,1.0,0.0,0.0,0.0,0.0,1.0,0.0,0.0
424,10426,Clear,Daylight,1.0,0.0,0.0,0.0,0.0,0.0,0.0,1.0
425,10427,Clear,Dark,1.0,0.0,0.0,0.0,0.0,1.0,0.0,0.0
426,10428,Clear,Daylight,1.0,0.0,0.0,0.0,0.0,0.0,0.0,1.0
427,10429,Clear,Dark,1.0,0.0,0.0,0.0,0.0,1.0,0.0,0.0
428,10430,Clear,Daylight,1.0,0.0,0.0,0.0,0.0,0.0,0.0,1.0
429,10431,Clear,Dark,1.0,0.0,0.0,0.0,0.0,0.0,0.0,1.0
430,10432,Clear,Daylight,1.0,0.0,0.0,0.0,0.0,0.0,0.0,1.0
431,10433,Clear,Daylight,1.0,0.0,0.0,0.0,0.0,1.0,0.0,0.0
432,10434,Clear,Daylight,1.0,0.0,0.0,0.0,0.0,0.0,0.0,1.0
433,10435,Clear,Dark,1.0,0.0,0.0,0.0,0.0,1.0,0.0,0.0
434,10436,Clear,Daylight,1.0,0.0,0.0,0.0,0.0,1.0,0.0,0.0
435,10437,Clear,Dark,1.0,0.0,0.0,0.0,0.0,0.0,0.0,1.0
436,10438,Clear,Dark,1.0,0.0,0.0,0.0,0.0,0.0,0.0,1.0
437,10439,Clear,Daylight,1.0,0.0,0.0,0.0,0.0,0.0,0.0,1.0
438,10440,Clear,Daylight,1.0,0.0,0.0,0.0,0.0,0.0,0.0,1.0
439,10441,Clear,Daylight,1.0,0.0,0.0,0.0,0.0,0.0,0.0,1.0
440,10442,Clear,Daylight,1.0,0.0,0.0,0.0,0.0,0.0,0.0,1.0
441,10443,Clear,Daylight,1.0,0.0,0.0,0.0,0.0,1.0,0.0,0.0
442,10444,Clear,Daylight,1.0,0.0,0.0,0.0,0.0,0.0,0.0,1.0
443,10445,Clear,Dark,1.0,0.0,0.0,0.0,0.0,0.0,0.0,1.0
444,10446,Clear,Daylight,1.0,0.0,0.0,0.0,0.0,0.0,0.0,1.0
445,10447,Clear,Daylight,1.0,0.0,0.0,0.0,0.0,0.0,0.0,1.0
446,10448,Clear,Daylight,1.0,0.0,0.0,0.0,0.0,1.0,0.0,0.0
447,10449,Clear,Daylight,1.0,0.0,0.0,0.0,0.0,1.0,0.0,0.0
448,10450,Clear,Dark,1.0,0.0,0.0,0.0,0.0,0.0,1.0,0.0
449,10451,Clear,Dark,1.0,0.0,0.0,0.0,0.0,0.0,1.0,0.0
450,10452,Clear,Dawn/Dusk,1.0,0.0,0.0,0.0,0.0,1.0,0.0,0.0
451,10453,Clear,Dawn/Dusk,1.0,0.0,0.0,0.0,0.0,0.0,0.0,1.0
452,10454,Clear,Dark,1.0,0.0,0.0,0.0,0.0,1.0,0.0,0.0
453,10455,Clear,Daylight,1.0,0.0,0.0,0.0,0.0,0.0,0.0,1.0
454,10456,Clear,Dark,1.0,0.0,0.0,0.0,0.0,0.0,0.0,1.0
455,10457,Clear,Daylight,1.0,0.0,0.0,0.0,0.0,0.0,0.0,1.0
456,10458,Clear,Daylight,1.0,0.0,0.0,0.0,0.0,0.0,0.0,1.0
457,10459,Clear,Daylight,1.0,0.0,0.0,0.0,0.0,1.0,0.0,0.0
458,10460,Clear,Daylight,1.0,0.0,0.0,0.0,0.0,0.0,0.0,1.0
459,10461,Clear,Dark,1.0,0.0,0.0,0.0,0.0,0.0,0.0,1.0
460,10462,Clear,Daylight,1.0,0.0,0.0,0.0,0.0,1.0,0.0,0.0
461,10463,Clear,Daylight,1.0,0.0,0.0,0.0,0.0,1.0,0.0,0.0
463,10465,Clear,Dark,1.0,0.0,0.0,0.0,0.0,0.0,0.0,1.0
464,10466,Clear,Dark,1.0,0.0,0.0,0.0,0.0,1.0,0.0,0.0
465,10467,Clear,Daylight,1.0,0.0,0.0,0.0,0.0,0.0,0.0,1.0
466,10468,Clear,Daylight,1.0,0.0,0.0,0.0,0.0,1.0,0.0,0.0
467,10469,Clear,Dark,1.0,0.0,0.0,0.0,0.0,0.0,0.0,1.0
468,10470,Clear,Daylight,1.0,0.0,0.0,0.0,0.0,1.0,0.0,0.0
469,10471,Clear,Dark,1.0,0.0,0.0,0.0,0.0,1.0,0.0,0.0
470,10472,Clear,Daylight,1.0,0.0,0.0,0.0,0.0,0.0,0.0,1.0
471,10473,Clear,Dark,1.0,0.0,0.0,0.0,0.0,1.0,0.0,0.0
472,10474,Clear,Dark,1.0,0.0,0.0,0.0,0.0,0.0,0.0,1.0
473,10475,Clear,Daylight,1.0,0.0,0.0,0.0,0.0,1.0,0.0,0.0
474,10476,Clear,Dark,1.0,0.0,0.0,0.0,0.0,0.0,0.0,1.0
475,10477,Clear,Daylight,1.0,0.0,0.0,0.0,0.0,0.0,1.0,0.0
476,10478,Clear,Dark,1.0,0.0,0.0,0.0,0.0,1.0,0.0,0.0
477,10479,Clear,Daylight,1.0,0.0,0.0,0.0,0.0,0.0,0.0,1.0
478,10480,Clear,Dawn/Dusk,1.0,0.0,0.0,0.0,0.0,0.0,0.0,1.0
479,10481,Clear,Dark,1.0,0.0,0.0,0.0,0.0,1.0,0.0,0.0
480,10482,Clear,Daylight,1.0,0.0,0.0,0.0,0.0,1.0,0.0,0.0
481,10483,Clear,Daylight,1.0,0.0,0.0,0.0,0.0,1.0,0.0,0.0
482,10484,Clear,Dark,1.0,0.0,0.0,0.0,0.0,0.0,1.0,0.0
483,10485,Clear,Dark,1.0,0.0,0.0,0.0,0.0,0.0,0.0,1.0
484,10486,Clear,Dark,1.0,0.0,0.0,0.0,0.0,0.0,0.0,1.0
485,10487,Clear,Dawn/Dusk,1.0,0.0,0.0,0.0,0.0,0.0,0.0,1.0
486,10488,Clear,Daylight,1.0,0.0,0.0,0.0,0.0,1.0,0.0,0.0
487,10489,Clear,Daylight,1.0,0.0,0.0,0.0,0.0,1.0,0.0,0.0
488,10490,Clear,Daylight,1.0,0.0,0.0,0.0,0.0,1.0,0.0,0.0
489,10491,Clear,Dark,1.0,0.0,0.0,0.0,0.0,1.0,0.0,0.0
490,10492,Clear,Dark,1.0,0.0,0.0,0.0,0.0,0.0,1.0,0.0
491,10493,Clear,Dark,1.0,0.0,0.0,0.0,0.0,0.0,0.0,1.0
492,10494,Clear,Dark,1.0,0.0,0.0,0.0,0.0,0.0,0.0,1.0
493,10495,Clear,Dawn/Dusk,1.0,0.0,0.0,0.0,0.0,0.0,0.0,1.0
494,10496,Clear,Daylight,1.0,0.0,0.0,0.0,0.0,0.0,0.0,1.0
495,10497,Clear,Daylight,1.0,0.0,0.0,0.0,0.0,0.0,0.0,1.0
496,10498,Clear,Daylight,1.0,0.0,0.0,0.0,0.0,0.0,0.0,1.0
497,10499,Clear,Daylight,1.0,0.0,0.0,0.0,0.0,1.0,0.0,0.0
498,10500,Clear,Daylight,1.0,0.0,0.0,0.0,0.0,1.0,0.0,0.0
499,10501,Clear,Daylight,1.0,0.0,0.0,0.0,0.0,0.0,0.0,1.0
500,10502,Clear,Dark,1.0,0.0,0.0,0.0,0.0,0.0,0.0,1.0
501,10503,Clear,Dark,1.0,0.0,0.0,0.0,0.0,1.0,0.0,0.0
502,10504,Clear,Daylight,1.0,0.0,0.0,0.0,0.0,1.0,0.0,0.0
503,10505,Clear,Daylight,1.0,0.0,0.0,0.0,0.0,0.0,0.0,1.0
504,10506,Clear,Dark,1.0,0.0,0.0,0.0,0.0,1.0,0.0,0.0
505,10507,Clear,Dark,1.0,0.0,0.0,0.0,0.0,1.0,0.0,0.0
506,10508,Clear,Daylight,1.0,0.0,0.0,0.0,0.0,1.0,0.0,0.0
507,10509,Clear,Dark,1.0,0.0,0.0,0.0,0.0,0.0,0.0,1.0
508,10510,Clear,Dark,1.0,0.0,0.0,0.0,0.0,1.0,0.0,0.0
509,10511,Clear,Dark,1.0,0.0,0.0,0.0,0.0,0.0,0.0,1.0
510,10512,Clear,Daylight,1.0,0.0,0.0,0.0,0.0,0.0,0.0,1.0
511,10513,Clear,Dark,1.0,0.0,0.0,0.0,0.0,1.0,0.0,0.0
512,10514,Clear,Daylight,1.0,0.0,0.0,0.0,0.0,1.0,0.0,0.0
513,10515,Clear,Daylight,1.0,0.0,0.0,0.0,0.0,1.0,0.0,0.0
514,10516,Clear,Dark,1.0,0.0,0.0,0.0,0.0,0.0,0.0,1.0
515,10517,Clear,Dark,1.0,0.0,0.0,0.0,0.0,1.0,0.0,0.0
516,10518,Clear,Dark,1.0,0.0,0.0,0.0,0.0,1.0,0.0,0.0
517,10519,Clear,Daylight,1.0,0.0,0.0,0.0,0.0,0.0,0.0,1.0
518,10520,Clear,Dark,1.0,0.0,0.0,0.0,0.0,0.0,1.0,0.0
519,10521,Clear,Dark,1.0,0.0,0.0,0.0,0.0,1.0,0.0,0.0
520,10522,Clear,Daylight,1.0,0.0,0.0,0.0,0.0,0.0,0.0,1.0
521,10523,Clear,Dawn/Dusk,1.0,0.0,0.0,0.0,0.0,0.0,0.0,1.0
522,10524,Clear,Dark,1.0,0.0,0.0,0.0,0.0,0.0,0.0,1.0
523,10525,Clear,Daylight,1.0,0.0,0.0,0.0,0.0,0.0,0.0,1.0
524,10526,Clear,Daylight,1.0,0.0,0.0,0.0,0.0,1.0,0.0,0.0
525,10527,Clear,Daylight,1.0,0.0,0.0,0.0,0.0,1.0,0.0,0.0
526,10528,Clear,Daylight,1.0,0.0,0.0,0.0,0.0,1.0,0.0,0.0
527,10529,Clear,Dark,1.0,0.0,0.0,0.0,0.0,0.0,0.0,1.0
528,10530,Clear,Dark,1.0,0.0,0.0,0.0,0.0,0.0,0.0,1.0
529,10531,Clear,Dark,1.0,0.0,0.0,0.0,0.0,1.0,0.0,0.0
530,10532,Clear,Daylight,1.0,0.0,0.0,0.0,0.0,0.0,0.0,1.0
531,10533,Clear,Daylight,1.0,0.0,0.0,0.0,0.0,0.0,0.0,1.0
532,10534,Clear,Dark,1.0,0.0,0.0,0.0,0.0,1.0,0.0,0.0
533,10535,Clear,Daylight,1.0,0.0,0.0,0.0,0.0,1.0,0.0,0.0
534,10536,Clear,Daylight,1.0,0.0,0.0,0.0,0.0,0.0,0.0,1.0
535,10537,Clear,Dark,1.0,0.0,0.0,0.0,0.0,0.0,0.0,1.0
536,10538,Clear,Dark,1.0,0.0,0.0,0.0,0.0,1.0,0.0,0.0
537,10539,Clear,Daylight,1.0,0.0,0.0,0.0,0.0,0.0,0.0,1.0
538,10540,Clear,Daylight,0.0,0.0,0.0,1.0,0.0,0.0,0.0,1.0
539,10541,Clear,Dark,1.0,0.0,0.0,0.0,0.0,0.0,0.0,1.0
540,10542,Clear,Daylight,1.0,0.0,0.0,0.0,0.0,1.0,0.0,0.0
541,10543,Rain,Daylight,1.0,0.0,0.0,0.0,0.0,0.0,0.0,1.0
542,10544,Clear,Daylight,1.0,0.0,0.0,0.0,0.0,0.0,0.0,1.0
543,10545,Clear,Dark,1.0,0.0,0.0,0.0,0.0,1.0,0.0,0.0
544,10546,Clear,Daylight,1.0,0.0,0.0,0.0,0.0,0.0,0.0,1.0
545,10547,Clear,Daylight,1.0,0.0,0.0,0.0,0.0,0.0,0.0,1.0
546,10548,Clear,Dark,1.0,0.0,0.0,0.0,0.0,1.0,0.0,0.0
547,10549,Clear,Daylight,1.0,0.0,0.0,0.0,0.0,0.0,0.0,1.0
548,10550,Clear,Daylight,1.0,0.0,0.0,0.0,0.0,0.0,0.0,1.0
549,10551,Clear,Dark,1.0,0.0,0.0,0.0,0.0,0.0,0.0,1.0
550,10552,Clear,Daylight,1.0,0.0,0.0,0.0,0.0,0.0,0.0,1.0
551,10553,Clear,Daylight,1.0,0.0,0.0,0.0,0.0,1.0,0.0,0.0
552,10554,Clear,Daylight,1.0,0.0,0.0,0.0,0.0,1.0,0.0,0.0
553,10555,Clear,Daylight,1.0,0.0,0.0,0.0,0.0,1.0,0.0,0.0
554,10556,Clear,Dark,0.0,1.0,0.0,0.0,0.0,1.0,0.0,0.0
555,10557,Clear,Dark,0.0,0.0,0.0,1.0,0.0,1.0,0.0,0.0
556,10558,Clear,Dark,1.0,0.0,0.0,0.0,0.0,0.0,0.0,1.0
557,10559,"Fog, Smog, Smoke",Dark,1.0,0.0,0.0,0.0,0.0,1.0,0.0,0.0
558,10560,Rain,Dark,1.0,0.0,0.0,0.0,0.0,0.0,0.0,1.0
559,10561,Clear,Daylight,1.0,0.0,0.0,0.0,0.0,0.0,0.0,1.0
560,10562,Clear,Dark,1.0,0.0,0.0,0.0,0.0,0.0,0.0,1.0
561,10563,Clear,Daylight,1.0,0.0,0.0,0.0,0.0,0.0,0.0,1.0
562,10564,Clear,Daylight,1.0,0.0,0.0,0.0,0.0,1.0,0.0,0.0
563,10565,Clear,Daylight,1.0,0.0,0.0,0.0,0.0,0.0,0.0,1.0
564,10566,Clear,Daylight,1.0,0.0,0.0,0.0,0.0,1.0,0.0,0.0
565,10567,Clear,Dark,1.0,0.0,0.0,0.0,0.0,0.0,0.0,1.0
566,10568,Clear,Daylight,1.0,0.0,0.0,0.0,0.0,0.0,0.0,1.0
567,10569,Clear,Dark,1.0,0.0,0.0,0.0,0.0,1.0,0.0,0.0
568,10570,Clear,Daylight,1.0,0.0,0.0,0.0,0.0,0.0,0.0,1.0
569,10571,Clear,Daylight,1.0,0.0,0.0,0.0,0.0,1.0,0.0,0.0
570,10572,Clear,Dark,1.0,0.0,0.0,0.0,0.0,1.0,0.0,0.0
571,10573,Clear,Daylight,1.0,0.0,0.0,0.0,0.0,0.0,0.0,1.0
572,10574,Clear,Dark,1.0,0.0,0.0,0.0,0.0,0.0,1.0,0.0
573,10575,Clear,Dark,1.0,0.0,0.0,0.0,0.0,1.0,0.0,0.0
574,10576,Clear,Daylight,1.0,0.0,0.0,0.0,0.0,1.0,0.0,0.0
575,10577,Clear,Dawn/Dusk,1.0,0.0,0.0,0.0,0.0,0.0,0.0,1.0
576,10578,Clear,Dark,1.0,0.0,0.0,0.0,0.0,1.0,0.0,0.0
577,10579,Clear,Dark,1.0,0.0,0.0,0.0,0.0,1.0,0.0,0.0
578,10580,Clear,Daylight,1.0,0.0,0.0,0.0,0.0,1.0,0.0,0.0
579,10581,Clear,Dark,1.0,0.0,0.0,0.0,0.0,0.0,0.0,1.0
580,10582,Clear,Dark,1.0,0.0,0.0,0.0,0.0,1.0,0.0,0.0
581,10583,Clear,Dark,1.0,0.0,0.0,0.0,0.0,1.0,0.0,0.0
582,10584,Clear,Daylight,1.0,0.0,0.0,0.0,0.0,0.0,0.0,1.0
583,10585,Clear,Dark,1.0,0.0,0.0,0.0,0.0,1.0,0.0,0.0
584,10586,Clear,Dark,1.0,0.0,0.0,0.0,0.0,0.0,0.0,1.0
585,10587,Clear,Daylight,1.0,0.0,0.0,0.0,0.0,0.0,0.0,1.0
586,10588,Clear,Dark,1.0,0.0,0.0,0.0,0.0,0.0,0.0,1.0
587,10589,Clear,Daylight,1.0,0.0,0.0,0.0,0.0,1.0,0.0,0.0
588,10590,Clear,Daylight,1.0,0.0,0.0,0.0,0.0,1.0,0.0,0.0
589,10591,Clear,Daylight,1.0,0.0,0.0,0.0,0.0,1.0,0.0,0.0
590,10592,Clear,Dark,1.0,0.0,0.0,0.0,0.0,0.0,0.0,1.0
591,10593,Clear,Dark,1.0,0.0,0.0,0.0,0.0,1.0,0.0,0.0
592,10594,Clear,Dark,0.0,0.0,0.0,1.0,0.0,0.0,0.0,1.0
593,10595,Clear,Daylight,0.0,0.0,1.0,0.0,0.0,1.0,0.0,0.0
594,10596,Clear,Dark,1.0,0.0,0.0,0.0,0.0,0.0,0.0,1.0
595,10597,Rain,Daylight,1.0,0.0,0.0,0.0,0.0,0.0,0.0,1.0
596,10598,Not Reported,Dark,1.0,0.0,0.0,0.0,0.0,1.0,0.0,0.0
597,10599,Clear,Daylight,1.0,0.0,0.0,0.0,0.0,1.0,0.0,0.0
598,10600,Clear,Daylight,1.0,0.0,0.0,0.0,0.0,0.0,0.0,1.0
599,10601,Clear,Dark,1.0,0.0,0.0,0.0,0.0,1.0,0.0,0.0
600,10602,Clear,Dark,0.0,0.0,0.0,1.0,0.0,0.0,1.0,0.0
601,10603,Clear,Daylight,1.0,0.0,0.0,0.0,0.0,1.0,0.0,0.0
602,10604,Clear,Dark,1.0,0.0,0.0,0.0,0.0,0.0,1.0,0.0
603,10605,Rain,Dawn/Dusk,1.0,0.0,0.0,0.0,0.0,0.0,1.0,0.0
604,10606,Clear,Dark,1.0,0.0,0.0,0.0,0.0,0.0,0.0,1.0
605,10607,Clear,Dawn/Dusk,1.0,0.0,0.0,0.0,0.0,1.0,0.0,0.0
606,10608,Clear,Dawn/Dusk,1.0,0.0,0.0,0.0,0.0,0.0,0.0,1.0
607,10609,Clear,Daylight,1.0,0.0,0.0,0.0,0.0,1.0,0.0,0.0
608,10610,Clear,Dark,1.0,0.0,0.0,0.0,0.0,0.0,0.0,1.0
610,10612,Clear,Daylight,0.0,1.0,0.0,0.0,0.0,0.0,0.0,1.0
611,10613,Clear,Dark,1.0,0.0,0.0,0.0,0.0,1.0,0.0,0.0
612,10614,Clear,Daylight,1.0,0.0,0.0,0.0,0.0,1.0,0.0,0.0
613,10615,Clear,Daylight,1.0,0.0,0.0,0.0,0.0,1.0,0.0,0.0
614,10616,"Fog, Smog, Smoke",Daylight,1.0,0.0,0.0,0.0,0.0,1.0,0.0,0.0
615,10617,Clear,Dark,1.0,0.0,0.0,0.0,0.0,1.0,0.0,0.0
616,10618,Clear,Dark,1.0,0.0,0.0,0.0,0.0,1.0,0.0,0.0
617,10619,Clear,Dark,1.0,0.0,0.0,0.0,0.0,1.0,0.0,0.0
618,10620,Clear,Dark,1.0,0.0,0.0,0.0,0.0,1.0,0.0,0.0
619,10621,Clear,Dark,1.0,0.0,0.0,0.0,0.0,1.0,0.0,0.0
620,10622,Clear,Dark,1.0,0.0,0.0,0.0,0.0,1.0,0.0,0.0
621,10623,Clear,Dark,1.0,0.0,0.0,0.0,0.0,1.0,0.0,0.0
622,10624,Clear,Dark,1.0,0.0,0.0,0.0,0.0,1.0,0.0,0.0
623,10625,Clear,Dark,1.0,0.0,0.0,0.0,0.0,0.0,0.0,1.0
624,10626,Clear,Dark,1.0,0.0,0.0,0.0,0.0,0.0,0.0,1.0
625,10627,Clear,Dark,1.0,0.0,0.0,0.0,0.0,0.0,0.0,1.0
626,10628,Clear,Dark,1.0,0.0,0.0,0.0,0.0,1.0,0.0,0.0
627,10629,Clear,Daylight,1.0,0.0,0.0,0.0,0.0,1.0,0.0,0.0
628,10630,Clear,Daylight,1.0,0.0,0.0,0.0,0.0,0.0,1.0,0.0
629,10631,Clear,Daylight,1.0,0.0,0.0,0.0,0.0,0.0,0.0,1.0
630,10632,Clear,Dark,1.0,0.0,0.0,0.0,0.0,1.0,0.0,0.0
631,10633,Clear,Dark,1.0,0.0,0.0,0.0,0.0,1.0,0.0,0.0
632,10634,Clear,Dawn/Dusk,0.0,0.0,0.0,1.0,0.0,1.0,0.0,0.0
633,10635,Clear,Daylight,1.0,0.0,0.0,0.0,0.0,1.0,0.0,0.0
634,10636,Clear,Dark,1.0,0.0,0.0,0.0,0.0,1.0,0.0,0.0
635,10637,Clear,Dark,1.0,0.0,0.0,0.0,0.0,1.0,0.0,0.0
636,10638,Rain,Dark,1.0,0.0,0.0,0.0,0.0,0.0,0.0,1.0
637,10639,Clear,Dark,1.0,0.0,0.0,0.0,0.0,0.0,0.0,1.0
638,10640,Clear,Dark,1.0,0.0,0.0,0.0,0.0,1.0,0.0,0.0
639,10641,Clear,Dark,1.0,0.0,0.0,0.0,0.0,0.0,0.0,1.0
640,10642,Clear,Daylight,1.0,0.0,0.0,0.0,0.0,1.0,0.0,0.0
641,10643,Clear,Daylight,0.0,0.0,0.0,1.0,0.0,1.0,0.0,0.0
642,10644,Clear,Dark,0.0,0.0,0.0,1.0,0.0,1.0,0.0,0.0
643,10645,Clear,Daylight,0.0,0.0,0.0,1.0,0.0,1.0,0.0,0.0
644,10646,Clear,Dark,1.0,0.0,0.0,0.0,0.0,0.0,0.0,1.0
645,10647,Rain,Dark,1.0,0.0,0.0,0.0,0.0,0.0,0.0,1.0
646,10648,Rain,Dark,1.0,0.0,0.0,0.0,0.0,1.0,0.0,0.0
647,10649,Rain,Dark,1.0,0.0,0.0,0.0,0.0,0.0,0.0,1.0
648,10650,Clear,Daylight,1.0,0.0,0.0,0.0,0.0,0.0,0.0,1.0
649,10651,Clear,Daylight,1.0,0.0,0.0,0.0,0.0,0.0,0.0,1.0
650,10652,Clear,Dark,1.0,0.0,0.0,0.0,0.0,1.0,0.0,0.0
651,10653,Clear,Daylight,1.0,0.0,0.0,0.0,0.0,0.0,0.0,1.0
652,10654,Clear,Daylight,0.0,0.0,0.0,1.0,0.0,1.0,0.0,0.0
653,10655,Clear,Daylight,1.0,0.0,0.0,0.0,0.0,0.0,0.0,1.0
654,10656,Clear,Dark,0.0,0.0,0.0,1.0,0.0,1.0,0.0,0.0
655,10657,Clear,Daylight,1.0,0.0,0.0,0.0,0.0,0.0,0.0,1.0
657,10659,Rain,Dark,1.0,0.0,0.0,0.0,0.0,0.0,0.0,1.0
658,10660,Clear,Daylight,1.0,0.0,0.0,0.0,0.0,1.0,0.0,0.0
659,10661,Rain,Dark,0.0,0.0,0.0,1.0,0.0,1.0,0.0,0.0
660,10662,Clear,Daylight,1.0,0.0,0.0,0.0,0.0,1.0,0.0,0.0
661,10663,Clear,Dark,0.0,0.0,0.0,1.0,0.0,0.0,0.0,1.0
662,10664,Clear,Daylight,1.0,0.0,0.0,0.0,0.0,1.0,0.0,0.0
663,10665,Clear,Dark,1.0,0.0,0.0,0.0,0.0,0.0,0.0,1.0
664,10666,Rain,Dark,1.0,0.0,0.0,0.0,0.0,0.0,0.0,1.0
665,10667,Clear,Dark,1.0,0.0,0.0,0.0,0.0,1.0,0.0,0.0
666,10668,Rain,Daylight,1.0,0.0,0.0,0.0,0.0,0.0,1.0,0.0
667,10669,Clear,Dark,0.0,0.0,1.0,0.0,0.0,1.0,0.0,0.0
668,10670,Clear,Daylight,1.0,0.0,0.0,0.0,0.0,1.0,0.0,0.0
669,10671,Clear,Daylight,1.0,0.0,0.0,0.0,0.0,1.0,0.0,0.0
670,10672,Clear,Dark,1.0,0.0,0.0,0.0,0.0,1.0,0.0,0.0
671,10673,Clear,Dawn/Dusk,1.0,0.0,0.0,0.0,0.0,1.0,0.0,0.0
672,10674,Not Reported,Dark,1.0,0.0,0.0,0.0,0.0,0.0,0.0,1.0
673,10675,Clear,Dark,1.0,0.0,0.0,0.0,0.0,1.0,0.0,0.0
674,10676,Clear,Dark,1.0,0.0,0.0,0.0,0.0,1.0,0.0,0.0
675,10677,Clear,Dark,0.0,1.0,0.0,0.0,0.0,1.0,0.0,0.0
676,10678,Clear,Dark,1.0,0.0,0.0,0.0,0.0,1.0,0.0,0.0
677,10679,Clear,Daylight,1.0,0.0,0.0,0.0,0.0,1.0,0.0,0.0
678,10680,Clear,Dark,1.0,0.0,0.0,0.0,0.0,0.0,1.0,0.0
679,10681,Clear,Dark,1.0,0.0,0.0,0.0,0.0,0.0,0.0,1.0
680,10682,"Fog, Smog, Smoke",Dark,1.0,0.0,0.0,0.0,0.0,0.0,0.0,1.0
681,10683,Clear,Dark,1.0,0.0,0.0,0.0,0.0,1.0,0.0,0.0
682,10684,Clear,Dark,1.0,0.0,0.0,0.0,0.0,1.0,0.0,0.0
683,10685,Clear,Dawn/Dusk,1.0,0.0,0.0,0.0,0.0,1.0,0.0,0.0
684,10686,Clear,Daylight,1.0,0.0,0.0,0.0,0.0,0.0,0.0,1.0
685,10687,Clear,Daylight,1.0,0.0,0.0,0.0,0.0,1.0,0.0,0.0
686,10688,Clear,Dark,1.0,0.0,0.0,0.0,0.0,1.0,0.0,0.0
687,10689,Clear,Dark,0.0,0.0,0.0,1.0,0.0,1.0,0.0,0.0
688,10690,Clear,Dark,1.0,0.0,0.0,0.0,0.0,0.0,0.0,1.0
689,10691,Clear,Daylight,1.0,0.0,0.0,0.0,0.0,1.0,0.0,0.0
690,10692,Clear,Dark,1.0,0.0,0.0,0.0,0.0,1.0,0.0,0.0
691,10693,Clear,Dark,1.0,0.0,0.0,0.0,0.0,0.0,0.0,1.0
692,10694,Rain,Dark,1.0,0.0,0.0,0.0,0.0,1.0,0.0,0.0
693,10695,Clear,Daylight,1.0,0.0,0.0,0.0,0.0,1.0,0.0,0.0
694,10696,Clear,Dark,1.0,0.0,0.0,0.0,0.0,1.0,0.0,0.0
695,10697,Clear,Dark,1.0,0.0,0.0,0.0,0.0,1.0,0.0,0.0
696,10698,Clear,Daylight,1.0,0.0,0.0,0.0,0.0,1.0,0.0,0.0
697,10699,Clear,Dark,1.0,0.0,0.0,0.0,0.0,1.0,0.0,0.0
698,10700,Clear,Dark,1.0,0.0,0.0,0.0,0.0,0.0,0.0,1.0
699,10701,Clear,Dark,1.0,0.0,0.0,0.0,0.0,1.0,0.0,0.0
700,10702,Clear,Dark,1.0,0.0,0.0,0.0,0.0,1.0,0.0,0.0
701,10703,Clear,Dark,1.0,0.0,0.0,0.0,0.0,0.0,0.0,1.0
702,10704,Clear,Dark,0.0,0.0,0.0,1.0,0.0,1.0,0.0,0.0
703,10705,Clear,Daylight,0.0,0.0,0.0,1.0,0.0,1.0,0.0,0.0
704,10706,Clear,Dark,0.0,0.0,0.0,1.0,0.0,1.0,0.0,0.0
705,10707,Clear,Dark,0.0,0.0,0.0,1.0,0.0,0.0,0.0,1.0
706,10708,Clear,Daylight,1.0,0.0,0.0,0.0,0.0,1.0,0.0,0.0
707,10709,Rain,Dark,1.0,0.0,0.0,0.0,0.0,1.0,0.0,0.0
708,10710,Rain,Dark,0.0,0.0,0.0,1.0,0.0,1.0,0.0,0.0
709,10711,Rain,Dark,0.0,0.0,0.0,1.0,0.0,1.0,0.0,0.0
710,10712,Rain,Daylight,1.0,0.0,0.0,0.0,0.0,1.0,0.0,0.0
711,10713,Clear,Dark,1.0,0.0,0.0,0.0,0.0,0.0,0.0,1.0
712,10714,Clear,Dark,1.0,0.0,0.0,0.0,0.0,1.0,0.0,0.0
713,10715,Rain,Dark,1.0,0.0,0.0,0.0,0.0,1.0,0.0,0.0
714,10716,Rain,Dark,1.0,0.0,0.0,0.0,0.0,0.0,0.0,1.0
715,10717,Clear,Dark,1.0,0.0,0.0,0.0,0.0,1.0,0.0,0.0
716,10718,Clear,Daylight,1.0,0.0,0.0,0.0,0.0,1.0,0.0,0.0
717,10719,Clear,Dark,1.0,0.0,0.0,0.0,0.0,0.0,0.0,1.0
718,10720,Clear,Dark,1.0,0.0,0.0,0.0,0.0,1.0,0.0,0.0
719,10721,Clear,Daylight,1.0,0.0,0.0,0.0,0.0,1.0,0.0,0.0
720,10722,Clear,Dark,1.0,0.0,0.0,0.0,0.0,1.0,0.0,0.0
721,10723,Clear,Dark,1.0,0.0,0.0,0.0,0.0,1.0,0.0,0.0
722,10724,Clear,Daylight,1.0,0.0,0.0,0.0,0.0,0.0,0.0,1.0
723,10725,Clear,Dark,1.0,0.0,0.0,0.0,0.0,1.0,0.0,0.0
724,10726,Clear,Dark,1.0,0.0,0.0,0.0,0.0,0.0,0.0,1.0
725,10727,Clear,Dark,1.0,0.0,0.0,0.0,0.0,0.0,0.0,1.0
726,10728,Clear,Dark,1.0,0.0,0.0,0.0,0.0,1.0,0.0,0.0
727,10729,Clear,Daylight,0.0,1.0,0.0,0.0,0.0,0.0,1.0,0.0
728,10730,Clear,Dark,1.0,0.0,0.0,0.0,0.0,1.0,0.0,0.0
729,10731,Clear,Daylight,1.0,0.0,0.0,0.0,0.0,1.0,0.0,0.0
730,10732,Clear,Daylight,1.0,0.0,0.0,0.0,0.0,0.0,0.0,1.0
731,10733,Clear,Dark,1.0,0.0,0.0,0.0,0.0,1.0,0.0,0.0
732,10734,"Fog, Smog, Smoke",Dawn/Dusk,1.0,0.0,0.0,0.0,0.0,0.0,0.0,1.0
733,10735,Clear,Dark,1.0,0.0,0.0,0.0,0.0,1.0,0.0,0.0
734,10736,Clear,Dark,1.0,0.0,0.0,0.0,0.0,0.0,0.0,1.0
736,10738,Clear,Daylight,1.0,0.0,0.0,0.0,0.0,1.0,0.0,0.0
737,10739,Clear,Dark,1.0,0.0,0.0,0.0,0.0,1.0,0.0,0.0
738,10740,Clear,Daylight,1.0,0.0,0.0,0.0,0.0,1.0,0.0,0.0
739,10741,Clear,Dark,1.0,0.0,0.0,0.0,0.0,1.0,0.0,0.0
740,10742,Clear,Daylight,1.0,0.0,0.0,0.0,0.0,1.0,0.0,0.0
741,10743,Clear,Dark,1.0,0.0,0.0,0.0,0.0,1.0,0.0,0.0
742,10744,Clear,Dark,1.0,0.0,0.0,0.0,0.0,1.0,0.0,0.0
743,10745,Clear,Dark,1.0,0.0,0.0,0.0,0.0,0.0,0.0,1.0
744,10746,Clear,Dark,1.0,0.0,0.0,0.0,0.0,1.0,0.0,0.0
745,10747,Clear,Dark,0.0,0.0,1.0,0.0,0.0,1.0,0.0,0.0
